-- 1. 删除并创建数据库
drop database if exists car;
create database car default character set utf8mb4 default collate utf8mb4_general_ci;
use car;

-- 2. 创建车主表
create table user(
user_id CHAR(15) primary key,
userName VARCHAR(20) not null,
Sex VARCHAR(2) not null,
Birthdate date not null,
password VARCHAR(20) not null
);

-- 3. 创建车辆表
create table info(
car_id CHAR(10) primary key,
carName VARCHAR(20) not null,
brand VARCHAR(10) not null,
frame_id CHAR(50) not null,
user_id CHAR(15) references user(user_id),
power int check(power > 0),
max_power int check(max_power > 0),
torque int check(torque > 0),
battery int check(battery > 0),
miles int check(miles > 0),
mpg float check(mpg > 0.0)
);

-- 4. 创建操控表
create table state(
user_ID CHAR(15),
car_ID CHAR(10),
ac_on CHAR(2) default '0',
ac_temp Float,
fan CHAR(2) default '0',
rec CHAR(2) default '0',
fog CHAR(2) default '0',
light CHAR(2) default '0',
door CHAR(2) default '0',
stop1 CHAR(2) default '0',
left1 CHAR(2) default '0',
right1 CHAR(2) default '0',
move CHAR(2) default '0',
back CHAR(2) default '0',
time DATETIME(3),
primary key(user_ID,car_ID,time),
foreign key(user_id) references user(user_id),
foreign key(car_ID) references info(car_id)
);

-- 5. 创建反馈表
create table feedback(
idea_id CHAR(10) primary key,
ideaName VARCHAR(20) not null,
content VARCHAR(100) not null,
time datetime not null,
user_id CHAR(15) references user(user_id)
);

-- 6. 插入车主数据
insert into user values
('277273737937','王琦','男','2009-3-1','12345678'),
('277273737938','许青','男','2008-6-1','12345678'),
('277273737939','罗锋','男','2009-7-8','12345678'),
('277273737940','陈平安','男','2010-3-1','12345678'),
('277273737941','石昊','男','2009-6-6','12345678');

-- 7. 插入车辆数据
INSERT INTO info VALUES
('C0001','小马驹','特斯拉','IHD91379139137139713DJHDHH','277273737937',299,137,559,300,500,12.5),
('C0002','海豹','比亚迪','IHD91379139137139713DJHDHM','277273737938',300,138,560,310,510,10.5),
('C0003','猎豹','问界','IHD91379139137139713DJHDAA','277273737939',329,150,580,350,550,6.5),
('C0004','海螺','小米','IHD91379139137139713DJHDBC','277273737940',299,147,539,330,530,9.5),
('C0005','剑鱼','理想','IHD91379139137139713DJHDAH','277273737941',309,157,529,320,520,8.5),
('C0006','海象','比亚迪','IHD91379139137139713DJHDHL','277273737937',320,137,565,320,520,11.5),
('C0007','海狮','比亚迪','IHD91379139137139713DJHDH0','277273737938',330,136,566,330,530,12.5),
('C0008','驱逐舰','比亚迪','IHD91379139137139713DJHDHR','277273737939',350,135,567,350,550,13.5),
('C0009','M7','问界','IHD91379139137139713DJHDXX','277273737937',240,200,600,90,700,11.0),
('C0010','S7','智界','IHD91379139137139713DJHDYY','277273737941',300,250,700,100,800,10.0),
('C0011','S800','尊界','IHD91379139137139713DJHDZZ','277273737940',350,300,800,120,900,9.0);

-- 8. 插入操控数据
INSERT INTO state VALUES
('277273737937','C0001','1',26,'1','1','0','0','0','0','0','0','0','0','2026-01-17 10:00:00'),
('277273737937','C0006','1',25,'0','0','0','0','0','0','0','0','0','0','2026-01-18 10:02:00'),
('277273737938','C0002','0',NULL,'0','0','0','0','0','0','1','0','0','0','2026-01-10 08:45:08'),
('277273737938','C0002','1',25,'0','0','0','0','0','0','0','0','0','0','2026-01-17 10:02:00'),
('277273737938','C0007','1',25,'0','0','0','0','0','0','0','0','0','0','2026-01-19 10:02:00'),
('277273737939','C0003','0',NULL,'0','0','0','0','1','0','0','0','0','0','2026-01-09 08:30:10'),
('277273737939','C0003','0',NULL,'0','0','0','1','0','0','0','0','0','0','2026-01-10 18:12:10'),
('277273737939','C0008','1',25,'0','0','0','0','0','0','0','0','0','0','2026-01-20 10:02:00'),
('277273737940','C0004','0',NULL,'0','0','0','0','0','0','0','0','1','0','2026-01-09 13:30:10'),
('277273737940','C0004','0',NULL,'0','0','0','0','1','0','0','0','0','0','2026-01-12 07:12:10'),
('277273737941','C0005','0',NULL,'0','0','0','0','0','0','0','1','0','0','2026-01-15 07:45:12'),
('277273737941','C0005','0',NULL,'0','0','0','0','0','0','0','0','0','1','2026-01-17 11:30:11'),
('277273737937','C0009','1',25,'0','1','0','0','0','0','0','0','0','0','2026-01-14 10:00:00'),
('277273737937','C0009','1',26,'1','1','0','0','0','0','0','0','0','0','2026-01-15 10:00:00'),
('277273737937','C0009','0',24,'0','0','0','0','1','1','0','0','0','0','2026-01-16 10:00:00'),
('277273737937','C0009','1',25,'0','1','0','1','0','0','0','0','0','0','2026-01-17 10:00:00'),
('277273737937','C0009','0',23,'0','0','1','0','0','0','1','0','0','0','2026-01-18 10:00:00'),
('277273737937','C0009','1',26,'1','1','0','0','0','0','0','1','0','0','2026-01-19 10:00:00'),
('277273737937','C0009','1',25,'0','1','0','0','0','0','0','0','0','0','2026-01-20 10:00:00'),
('277273737941','C0010','1',24,'0','0','0','0','0','0','0','0','0','0','2026-01-14 10:00:00'),
('277273737941','C0010','0',22,'0','0','0','0','1','1','0','0','0','0','2026-01-15 10:00:00'),
('277273737941','C0010','1',23,'1','1','0','0','0','0','0','0','0','0','2026-01-16 10:00:00'),
('277273737941','C0010','1',25,'0','1','0','1','0','0','0','0','0','0','2026-01-17 10:00:00'),
('277273737941','C0010','0',24,'0','0','1','0','0','0','1','0','0','0','2026-01-18 10:00:00'),
('277273737940','C0011','1',25,'0','1','0','0','0','0','0','0','0','0','2026-01-14 10:00:00'),
('277273737940','C0011','1',26,'1','1','0','0','0','0','0','0','0','0','2026-01-15 10:00:00'),
('277273737940','C0011','0',24,'0','0','0','0','1','1','0','0','0','0','2026-01-16 10:00:00'),
('277273737940','C0011','1',25,'0','1','0','1','0','0','0','0','0','0','2026-01-17 10:00:00'),
('277273737940','C0011','0',23,'0','0','1','0','0','0','1','0','0','0','2026-01-18 10:00:00'),
('277273737940','C0011','1',26,'1','1','0','0','0','0','0','1','0','0','2026-01-19 10:00:00'),
('277273737940','C0011','1',25,'0','1','0','0','0','0','0','0','0','0','2026-01-20 10:00:00');

-- 9. 插入反馈数据
insert into feedback values
('I0001','空调温度设置反馈','空调温度设置后，较长时间才能达到效果','2026-1-17 10:30:11','277273737941'),
('I0002','车灯设置反馈','点击车灯开启后，车灯打开有延迟','2026-1-16 8:25:11','277273737940'),
('I0003','车门设置反馈','点击车门关闭后，车门关闭声音过大','2026-1-15 15:30:15','277273737939');

-- 10. 视图
create view xuqing_car(车主昵称,汽车名,汽车品牌,汽车里程)
as select username,carname,brand,miles
from user join info on user.user_id = info.user_id
where username = '许青';

create view xuqing_carstate(车主昵称,汽车名,空调开关,空调温度,左转,右转,操作时间)
as select username,carname,ac_on,ac_temp,left1,right1,time
from user join info on user.user_id = info.user_id
join state on info.car_id = state.car_id
where username = '许青';

-- 11. 索引
CREATE INDEX IDX_mpg ON info (mpg);
CREATE INDEX IDX_miles ON info (miles);